url,category,id
https://www.w3.org,html,html_1
https://example.com,html,html_2
https://www.wikipedia.org,html,html_3
https://www.archive.org,html,html_4
https://www.bbc.com/news,html,html_5
https://www.nytimes.com,html,html_6
https://www.theguardian.com,html,html_7
https://www.reuters.com,html,html_8
https://www.apache.org,html,html_9
https://www.python.org,html,html_10
https://www.php.net,html,html_11
https://www.perl.org,html,html_12
https://www.ruby-lang.org,html,html_13
https://www.golang.org,html,html_14
https://www.rust-lang.org,html,html_15
https://www.mozilla.org,html,html_16
https://www.gnu.org,html,html_17
https://www.kernel.org,html,html_18
https://www.debian.org,html,html_19
https://www.ubuntu.com,html,html_20
https://www.redhat.com,html,html_21
https://www.centos.org,html,html_22
https://www.opensuse.org,html,html_23
https://www.archlinux.org,html,html_24
https://www.gentoo.org,html,html_25
https://www.freebsd.org,html,html_26
https://www.openbsd.org,html,html_27
https://www.netbsd.org,html,html_28
https://www.postgresql.org,html,html_29
https://www.mysql.com,html,html_30
https://www.mariadb.org,html,html_31
https://www.sqlite.org,html,html_32
https://www.mongodb.com,html,html_33
https://www.elastic.co,html,html_34
https://www.apache.org/foundation,html,html_35
https://www.fsf.org,html,html_36
https://www.eff.org,html,html_37
https://www.creativecommons.org,html,html_38
https://www.opensource.org,html,html_39
https://www.mit.edu,html,html_40
https://www.stanford.edu,html,html_41
https://www.harvard.edu,html,html_42
https://www.yale.edu,html,html_43
https://www.princeton.edu,html,html_44
https://www.columbia.edu,html,html_45
https://www.cornell.edu,html,html_46
https://www.upenn.edu,html,html_47
https://www.brown.edu,html,html_48
https://www.dartmouth.edu,html,html_49
https://www.oxford.ac.uk,html,html_50
https://www.cambridge.org,html,html_51
https://www.ed.ac.uk,html,html_52
https://www.imperial.ac.uk,html,html_53
https://www.lse.ac.uk,html,html_54
https://www.ucl.ac.uk,html,html_55
https://www.kcl.ac.uk,html,html_56
https://www.manchester.ac.uk,html,html_57
https://www.bristol.ac.uk,html,html_58
https://www.warwick.ac.uk,html,html_59
https://www.york.ac.uk,html,html_60
https://www.nature.com,html,html_61
https://www.science.org,html,html_62
https://www.cell.com,html,html_63
https://www.thelancet.com,html,html_64
https://www.nejm.org,html,html_65
https://www.bmj.com,html,html_66
https://www.plos.org,html,html_67
https://www.ieee.org,html,html_68
https://www.acm.org,html,html_69
https://www.ams.org,html,html_70
https://www.rsc.org,html,html_71
https://www.acs.org,html,html_72
https://www.iop.org,html,html_73
https://www.aps.org,html,html_74
https://www.nasa.gov,html,html_75
https://www.esa.int,html,html_76
https://www.jaxa.jp,html,html_77
https://www.isro.gov.in,html,html_78
https://www.roscosmos.ru,html,html_79
https://www.spacex.com,html,html_80
https://www.blueorigin.com,html,html_81
https://www.virgingalactic.com,html,html_82
https://www.who.int,html,html_83
https://www.cdc.gov,html,html_84
https://www.nih.gov,html,html_85
https://www.fda.gov,html,html_86
https://www.epa.gov,html,html_87
https://www.noaa.gov,html,html_88
https://www.usgs.gov,html,html_89
https://www.loc.gov,html,html_90
https://www.archives.gov,html,html_91
https://www.si.edu,html,html_92
https://www.whitehouse.gov,html,html_93
https://www.senate.gov,html,html_94
https://www.house.gov,html,html_95
https://www.supremecourt.gov,html,html_96
https://www.state.gov,html,html_97
https://www.treasury.gov,html,html_98
https://www.defense.gov,html,html_99
https://www.justice.gov,html,html_100
https://www.usda.gov,html,html_101
https://www.commerce.gov,html,html_102
https://www.labor.gov,html,html_103
https://www.hhs.gov,html,html_104
https://www.hud.gov,html,html_105
https://www.transportation.gov,html,html_106
https://www.energy.gov,html,html_107
https://www.education.gov,html,html_108
https://www.va.gov,html,html_109
https://www.dhs.gov,html,html_110
https://www.un.org,html,html_111
https://www.unesco.org,html,html_112
https://www.unicef.org,html,html_113
https://www.undp.org,html,html_114
https://www.worldbank.org,html,html_115
https://www.imf.org,html,html_116
https://www.wto.org,html,html_117
https://www.oecd.org,html,html_118
https://www.europa.eu,html,html_119
https://www.ecb.europa.eu,html,html_120
https://www.cnn.com,html,html_121
https://www.foxnews.com,html,html_122
https://www.msnbc.com,html,html_123
https://www.cbsnews.com,html,html_124
https://www.abcnews.go.com,html,html_125
https://www.nbcnews.com,html,html_126
https://www.npr.org,html,html_127
https://www.pbs.org,html,html_128
https://www.apnews.com,html,html_129
https://www.bloomberg.com,html,html_130
https://www.wsj.com,html,html_131
https://www.ft.com,html,html_132
https://www.economist.com,html,html_133
https://www.forbes.com,html,html_134
https://www.businessinsider.com,html,html_135
https://www.techcrunch.com,html,html_136
https://www.wired.com,html,html_137
https://www.theverge.com,html,html_138
https://www.arstechnica.com,html,html_139
https://www.engadget.com,html,html_140
https://www.gizmodo.com,html,html_141
https://www.mashable.com,html,html_142
https://www.cnet.com,html,html_143
https://www.zdnet.com,html,html_144
https://www.pcmag.com,html,html_145
https://www.tomshardware.com,html,html_146
https://www.anandtech.com,html,html_147
https://www.howtogeek.com,html,html_148
https://www.makeuseof.com,html,html_149
https://www.lifehacker.com,html,html_150
https://www.wikipedia.org/wiki/Main_Page,html,html_151
https://www.britannica.com,html,html_152
https://www.merriam-webster.com,html,html_153
https://www.dictionary.com,html,html_154
https://www.thesaurus.com,html,html_155
https://www.oxfordlearnersdictionaries.com,html,html_156
https://www.cambridge.org/dictionary,html,html_157
https://www.collinsdictionary.com,html,html_158
https://www.macmillandictionary.com,html,html_159
https://www.ldoceonline.com,html,html_160
https://www.gutenberg.org,html,html_161
https://www.openlibrary.org,html,html_162
https://www.worldcat.org,html,html_163
https://www.jstor.org,html,html_164
https://www.pubmed.ncbi.nlm.nih.gov,html,html_165
https://www.scholar.google.com,html,html_166
https://www.researchgate.net,html,html_167
https://www.academia.edu,html,html_168
https://www.arxiv.org,html,html_169
https://www.ssrn.com,html,html_170
https://www.ted.com,html,html_171
https://www.khanacademy.org,html,html_172
https://www.coursera.org,html,html_173
https://www.edx.org,html,html_174
https://www.udacity.com,html,html_175
https://www.lynda.com,html,html_176
https://www.skillshare.com,html,html_177
https://www.pluralsight.com,html,html_178
https://www.codecademy.com,html,html_179
https://www.freecodecamp.org,html,html_180
https://www.w3schools.com,html,html_181
https://www.tutorialspoint.com,html,html_182
https://www.geeksforgeeks.org,html,html_183
https://www.javatpoint.com,html,html_184
https://www.programiz.com,html,html_185
https://www.learn-c.org,html,html_186
https://www.cplusplus.com,html,html_187
https://www.cppreference.com,html,html_188
https://www.docs.python.org,html,html_189
https://www.ruby-doc.org,html,html_190
https://www.golang.org/doc,html,html_191
https://www.rust-lang.org/learn,html,html_192
https://www.kotlinlang.org/docs,html,html_193
https://www.scala-lang.org/documentation,html,html_194
https://www.clojure.org,html,html_195
https://www.elixir-lang.org,html,html_196
https://www.erlang.org,html,html_197
https://www.haskell.org,html,html_198
https://www.ocaml.org,html,html_199
https://www.fsharp.org,html,html_200
https://www.racket-lang.org,html,html_201
https://www.scheme.org,html,html_202
https://www.common-lisp.net,html,html_203
https://www.lua.org,html,html_204
https://www.tcl.tk,html,html_205
https://www.awk.dev,html,html_206
https://www.sed.sourceforge.io,html,html_207
https://www.vim.org,html,html_208
https://www.emacs.org,html,html_209
https://www.atom.io,html,html_210
https://www.sublimetext.com,html,html_211
https://www.jetbrains.com,html,html_212
https://www.eclipse.org,html,html_213
https://www.netbeans.org,html,html_214
https://www.qt.io,html,html_215
https://www.gtk.org,html,html_216
https://www.wxwidgets.org,html,html_217
https://www.fltk.org,html,html_218
https://www.tcl.tk,html,html_219
https://www.pygame.org,html,html_220
https://www.libsdl.org,html,html_221
https://www.sfml-dev.org,html,html_222
https://www.raylib.com,html,html_223
https://www.love2d.org,html,html_224
https://www.godotengine.org,html,html_225
https://www.unity.com,html,html_226
https://www.unrealengine.com,html,html_227
https://www.cryengine.com,html,html_228
https://www.amazonlumberyard.com,html,html_229
https://www.construct.net,html,html_230
https://www.gamemaker.io,html,html_231
https://www.rpgmakerweb.com,html,html_232
https://www.renpy.org,html,html_233
https://www.twinery.org,html,html_234
https://www.inkle.co.uk,html,html_235
https://www.yoyogames.com,html,html_236
https://www.scirra.com,html,html_237
https://www.clickteam.com,html,html_238
https://www.stencyl.com,html,html_239
https://www.gamesalad.com,html,html_240
https://www.buildbox.com,html,html_241
https://www.gdevelop.io,html,html_242
https://www.defold.com,html,html_243
https://www.cocos.com,html,html_244
https://www.corona-labs.com,html,html_245
https://www.marmalade-tech.com,html,html_246
https://www.shiva-engine.com,html,html_247
https://www.leadwerks.com,html,html_248
https://www.stride3d.net,html,html_249
https://www.armory3d.org,html,html_250
https://github.com,spa,spa_1
https://gitlab.com,spa,spa_2
https://bitbucket.org,spa,spa_3
https://www.notion.so,spa,spa_4
https://www.figma.com,spa,spa_5
https://www.canva.com,spa,spa_6
https://www.miro.com,spa,spa_7
https://www.airtable.com,spa,spa_8
https://www.monday.com,spa,spa_9
https://www.asana.com,spa,spa_10
https://www.trello.com,spa,spa_11
https://www.jira.atlassian.com,spa,spa_12
https://www.slack.com,spa,spa_13
https://www.discord.com,spa,spa_14
https://www.zoom.us,spa,spa_15
https://www.teams.microsoft.com,spa,spa_16
https://www.meet.google.com,spa,spa_17
https://www.whereby.com,spa,spa_18
https://www.around.co,spa,spa_19
https://www.butter.us,spa,spa_20
https://www.gmail.com,spa,spa_21
https://www.outlook.com,spa,spa_22
https://www.mail.yahoo.com,spa,spa_23
https://www.protonmail.com,spa,spa_24
https://www.tutanota.com,spa,spa_25
https://www.hey.com,spa,spa_26
https://www.spark.app,spa,spa_27
https://www.superhuman.com,spa,spa_28
https://www.front.com,spa,spa_29
https://www.missive.com,spa,spa_30
https://www.netflix.com,spa,spa_31
https://www.hulu.com,spa,spa_32
https://www.disneyplus.com,spa,spa_33
https://www.primevideo.com,spa,spa_34
https://www.hbomax.com,spa,spa_35
https://www.peacocktv.com,spa,spa_36
https://www.paramountplus.com,spa,spa_37
https://www.appletv.plus,spa,spa_38
https://www.youtube.com/tv,spa,spa_39
https://www.twitch.tv,spa,spa_40
https://www.spotify.com,spa,spa_41
https://www.music.apple.com,spa,spa_42
https://www.music.youtube.com,spa,spa_43
https://www.tidal.com,spa,spa_44
https://www.deezer.com,spa,spa_45
https://www.pandora.com,spa,spa_46
https://www.soundcloud.com,spa,spa_47
https://www.bandcamp.com,spa,spa_48
https://www.mixcloud.com,spa,spa_49
https://www.audiomack.com,spa,spa_50
https://www.dropbox.com,spa,spa_51
https://www.drive.google.com,spa,spa_52
https://www.onedrive.com,spa,spa_53
https://www.icloud.com,spa,spa_54
https://www.box.com,spa,spa_55
https://www.mega.nz,spa,spa_56
https://www.pcloud.com,spa,spa_57
https://www.sync.com,spa,spa_58
https://www.tresorit.com,spa,spa_59
https://www.icedrive.net,spa,spa_60
https://www.codesandbox.io,spa,spa_61
https://www.codepen.io,spa,spa_62
https://www.jsfiddle.net,spa,spa_63
https://www.replit.com,spa,spa_64
https://www.stackblitz.com,spa,spa_65
https://www.glitch.com,spa,spa_66
https://www.codesandbox.io,spa,spa_67
https://www.gitpod.io,spa,spa_68
https://www.idx.dev,spa,spa_69
https://www.vscode.dev,spa,spa_70
https://www.vercel.com,spa,spa_71
https://www.netlify.com,spa,spa_72
https://www.heroku.com,spa,spa_73
https://www.render.com,spa,spa_74
https://www.railway.app,spa,spa_75
https://www.fly.io,spa,spa_76
https://www.cyclic.sh,spa,spa_77
https://www.deta.sh,spa,spa_78
https://www.glitch.com,spa,spa_79
https://www.repl.it,spa,spa_80
https://www.linear.app,spa,spa_81
https://www.height.app,spa,spa_82
https://www.clickup.com,spa,spa_83
https://www.basecamp.com,spa,spa_84
https://www.todoist.com,spa,spa_85
https://www.any.do,spa,spa_86
https://www.ticktick.com,spa,spa_87
https://www.things3.com,spa,spa_88
https://www.omnifocus.com,spa,spa_89
https://www.nozbe.com,spa,spa_90
https://www.evernote.com,spa,spa_91
https://www.onenote.com,spa,spa_92
https://www.bear.app,spa,spa_93
https://www.obsidian.md,spa,spa_94
https://www.roamresearch.com,spa,spa_95
https://www.logseq.com,spa,spa_96
https://www.remnote.com,spa,spa_97
https://www.mem.ai,spa,spa_98
https://www.reflect.app,spa,spa_99
https://www.craft.do,spa,spa_100
https://www.coda.io,spa,spa_101
https://www.notion.so,spa,spa_102
https://www.clickup.com,spa,spa_103
https://www.airtable.com,spa,spa_104
https://www.smartsheet.com,spa,spa_105
https://www.wrike.com,spa,spa_106
https://www.teamwork.com,spa,spa_107
https://www.freedcamp.com,spa,spa_108
https://www.paymoapp.com,spa,spa_109
https://www.toggl.com,spa,spa_110
https://www.clockify.me,spa,spa_111
https://www.harvest.com,spa,spa_112
https://www.rescuetime.com,spa,spa_113
https://www.timecamp.com,spa,spa_114
https://www.timely.com,spa,spa_115
https://www.everhour.com,spa,spa_116
https://www.tmetric.com,spa,spa_117
https://www.hubstaff.com,spa,spa_118
https://www.time-doctor.com,spa,spa_119
https://www.desktime.com,spa,spa_120
https://www.mint.com,spa,spa_121
https://www.personalcapital.com,spa,spa_122
https://www.ynab.com,spa,spa_123
https://www.everydollar.com,spa,spa_124
https://www.pocketguard.com,spa,spa_125
https://www.truebill.com,spa,spa_126
https://www.clarity.money.com,spa,spa_127
https://www.emma-app.com,spa,spa_128
https://www.spendee.com,spa,spa_129
https://www.wally.me,spa,spa_130
https://www.robinhood.com,spa,spa_131
https://www.etrade.com,spa,spa_132
https://www.tdameritrade.com,spa,spa_133
https://www.fidelity.com,spa,spa_134
https://www.schwab.com,spa,spa_135
https://www.vanguard.com,spa,spa_136
https://www.interactivebrokers.com,spa,spa_137
https://www.webull.com,spa,spa_138
https://www.public.com,spa,spa_139
https://www.sofi.com,spa,spa_140
https://www.coinbase.com,spa,spa_141
https://www.binance.com,spa,spa_142
https://www.kraken.com,spa,spa_143
https://www.gemini.com,spa,spa_144
https://www.crypto.com,spa,spa_145
https://www.ftx.com,spa,spa_146
https://www.kucoin.com,spa,spa_147
https://www.bitfinex.com,spa,spa_148
https://www.bitstamp.com,spa,spa_149
https://www.okx.com,spa,spa_150
https://www.opensea.io,spa,spa_151
https://www.rarible.com,spa,spa_152
https://www.foundation.app,spa,spa_153
https://www.superrare.com,spa,spa_154
https://www.niftygateway.com,spa,spa_155
https://www.makersplace.com,spa,spa_156
https://www.knownorigin.io,spa,spa_157
https://www.asyncart.com,spa,spa_158
https://www.zora.co,spa,spa_159
https://www.catalog.works,spa,spa_160
https://www.photoshop.com,spa,spa_161
https://www.illustrator.com,spa,spa_162
https://www.indesign.com,spa,spa_163
https://www.premierpro.com,spa,spa_164
https://www.aftereffects.com,spa,spa_165
https://www.lightroom.com,spa,spa_166
https://www.xd.adobe.com,spa,spa_167
https://www.framer.com,spa,spa_168
https://www.principle.app,spa,spa_169
https://www.origami.design,spa,spa_170
https://www.invisionapp.com,spa,spa_171
https://www.marvel.app,spa,spa_172
https://www.proto.io,spa,spa_173
https://www.justinmind.com,spa,spa_174
https://www.mockflow.com,spa,spa_175
https://www.balsamiq.com,spa,spa_176
https://www.lucidchart.com,spa,spa_177
https://www.draw.io,spa,spa_178
https://www.mural.co,spa,spa_179
https://www.milanote.com,spa,spa_180
https://www.whimsical.com,spa,spa_181
https://www.excalidraw.com,spa,spa_182
https://www.tldraw.com,spa,spa_183
https://www.concepts.app,spa,spa_184
https://www.procreate.app,spa,spa_185
https://www.affinity.serif.com,spa,spa_186
https://www.sketch.com,spa,spa_187
https://www.pixelmator.com,spa,spa_188
https://www.canva.com,spa,spa_189
https://www.piktochart.com,spa,spa_190
https://www.venngage.com,spa,spa_191
https://www.infogram.com,spa,spa_192
https://www.visme.co,spa,spa_193
https://www.crello.com,spa,spa_194
https://www.snappa.com,spa,spa_195
https://www.stencil.com,spa,spa_196
https://www.picmonkey.com,spa,spa_197
https://www.befunky.com,spa,spa_198
https://www.fotor.com,spa,spa_199
https://www.photopea.com,spa,spa_200
https://www.sumopaint.com,spa,spa_201
https://www.pixlr.com,spa,spa_202
https://www.ribbet.com,spa,spa_203
https://www.fotojet.com,spa,spa_204
https://www.designcap.com,spa,spa_205
https://www.creatopy.com,spa,spa_206
https://www.bannersnack.com,spa,spa_207
https://www.displayr.com,spa,spa_208
https://www.flourish.studio,spa,spa_209
https://www.datawrapper.de,spa,spa_210
https://www.tableau.com,spa,spa_211
https://www.powerbi.microsoft.com,spa,spa_212
https://www.looker.com,spa,spa_213
https://www.metabase.com,spa,spa_214
https://www.redash.io,spa,spa_215
https://www.superset.apache.org,spa,spa_216
https://www.grafana.com,spa,spa_217
https://www.kibana.elastic.co,spa,spa_218
https://www.splunk.com,spa,spa_219
https://www.datadog.com,spa,spa_220
https://www.newrelic.com,spa,spa_221
https://www.appdynamics.com,spa,spa_222
https://www.dynatrace.com,spa,spa_223
https://www.sentry.io,spa,spa_224
https://www.rollbar.com,spa,spa_225
https://www.bugsnag.com,spa,spa_226
https://www.airbrake.io,spa,spa_227
https://www.honeybadger.io,spa,spa_228
https://www.raygun.com,spa,spa_229
https://www.logrocket.com,spa,spa_230
https://www.fullstory.com,spa,spa_231
https://www.hotjar.com,spa,spa_232
https://www.crazyegg.com,spa,spa_233
https://www.mouseflow.com,spa,spa_234
https://www.luckyorange.com,spa,spa_235
https://www.inspectlet.com,spa,spa_236
https://www.uservoice.com,spa,spa_237
https://www.zendesk.com,spa,spa_238
https://www.intercom.com,spa,spa_239
https://www.drift.com,spa,spa_240
https://www.crisp.chat,spa,spa_241
https://www.livechat.com,spa,spa_242
https://www.olark.com,spa,spa_243
https://www.tawk.to,spa,spa_244
https://www.chatra.com,spa,spa_245
https://www.comm100.com,spa,spa_246
https://www.helpscout.com,spa,spa_247
https://www.groove.hq,spa,spa_248
https://www.kayako.com,spa,spa_249
https://www.freshdesk.com,spa,spa_250
https://api.github.com,api,api_1
https://api.gitlab.com,api,api_2
https://api.bitbucket.org,api,api_3
https://api.twitter.com,api,api_4
https://graph.facebook.com,api,api_5
https://api.instagram.com,api,api_6
https://api.linkedin.com,api,api_7
https://api.pinterest.com,api,api_8
https://api.reddit.com,api,api_9
https://api.tumblr.com,api,api_10
https://api.flickr.com,api,api_11
https://api.vimeo.com,api,api_12
https://api.dailymotion.com,api,api_13
https://api.twitch.tv,api,api_14
https://api.youtube.com,api,api_15
https://api.spotify.com,api,api_16
https://api.soundcloud.com,api,api_17
https://api.deezer.com,api,api_18
https://api.tidal.com,api,api_19
https://api.napster.com,api,api_20
https://api.stripe.com,api,api_21
https://api.paypal.com,api,api_22
https://api.square.com,api,api_23
https://api.braintreepayments.com,api,api_24
https://api.authorize.net,api,api_25
https://api.2checkout.com,api,api_26
https://api.recurly.com,api,api_27
https://api.chargebee.com,api,api_28
https://api.paddle.com,api,api_29
https://api.razorpay.com,api,api_30
https://api.slack.com,api,api_31
https://api.discord.com,api,api_32
https://api.telegram.org,api,api_33
https://api.whatsapp.com,api,api_34
https://api.zoom.us,api,api_35
https://api.teams.microsoft.com,api,api_36
https://api.webex.com,api,api_37
https://api.gotomeeting.com,api,api_38
https://api.skype.com,api,api_39
https://api.viber.com,api,api_40
https://api.dropbox.com,api,api_41
https://api.box.com,api,api_42
https://api.onedrive.com,api,api_43
https://api.googledrive.com,api,api_44
https://api.icloud.com,api,api_45
https://api.mega.nz,api,api_46
https://api.pcloud.com,api,api_47
https://api.mediafire.com,api,api_48
https://api.wetransfer.com,api,api_49
https://api.sendspace.com,api,api_50
https://api.openweathermap.org,api,api_51
https://api.weatherapi.com,api,api_52
https://api.darksky.net,api,api_53
https://api.weather.gov,api,api_54
https://api.meteostat.net,api,api_55
https://api.climacell.co,api,api_56
https://api.stormglass.io,api,api_57
https://api.windy.com,api,api_58
https://api.weatherstack.com,api,api_59
https://api.weatherbit.io,api,api_60
https://maps.googleapis.com,api,api_61
https://api.mapbox.com,api,api_62
https://api.here.com,api,api_63
https://api.tomtom.com,api,api_64
https://api.openstreetmap.org,api,api_65
https://api.bing.com/maps,api,api_66
https://api.arcgis.com,api,api_67
https://api.mapquest.com,api,api_68
https://api.opencagedata.com,api,api_69
https://api.geoapify.com,api,api_70
https://api.nasa.gov,api,api_71
https://api.spacex.com,api,api_72
https://api.esa.int,api,api_73
https://api.isro.gov.in,api,api_74
https://api.jaxa.jp,api,api_75
https://api.n2yo.com,api,api_76
https://api.astronomyapi.com,api,api_77
https://api.ipgeolocation.io,api,api_78
https://api.wheretheiss.at,api,api_79
https://api.launch.report,api,api_80
https://newsapi.org,api,api_81
https://api.nytimes.com,api,api_82
https://api.theguardian.com,api,api_83
https://api.reuters.com,api,api_84
https://api.bloomberg.com,api,api_85
https://api.wsj.com,api,api_86
https://api.ft.com,api,api_87
https://api.economist.com,api,api_88
https://api.bbc.com,api,api_89
https://api.cnn.com,api,api_90
https://api.coindesk.com,api,api_91
https://api.coingecko.com,api,api_92
https://api.coinmarketcap.com,api,api_93
https://api.binance.com,api,api_94
https://api.coinbase.com,api,api_95
https://api.kraken.com,api,api_96
https://api.bitfinex.com,api,api_97
https://api.poloniex.com,api,api_98
https://api.gemini.com,api,api_99
https://api.crypto.com,api,api_100
https://api.etherscan.io,api,api_101
https://api.blockchain.info,api,api_102
https://api.blockcypher.com,api,api_103
https://api.chainlink.com,api,api_104
https://api.infura.io,api,api_105
https://api.alchemy.com,api,api_106
https://api.moralis.io,api,api_107
https://api.quicknode.com,api,api_108
https://api.thegraph.com,api,api_109
https://api.covalenthq.com,api,api_110
https://api.twilio.com,api,api_111
https://api.sendgrid.com,api,api_112
https://api.mailgun.com,api,api_113
https://api.sparkpost.com,api,api_114
https://api.sendinblue.com,api,api_115
https://api.mailchimp.com,api,api_116
https://api.constantcontact.com,api,api_117
https://api.getresponse.com,api,api_118
https://api.aweber.com,api,api_119
https://api.campaignmonitor.com,api,api_120
https://api.hubspot.com,api,api_121
https://api.salesforce.com,api,api_122
https://api.pipedrive.com,api,api_123
https://api.zoho.com,api,api_124
https://api.freshworks.com,api,api_125
https://api.copper.com,api,api_126
https://api.insightly.com,api,api_127
https://api.nutshell.com,api,api_128
https://api.agilecrm.com,api,api_129
https://api.sugarcrm.com,api,api_130
https://api.airtable.com,api,api_131
https://api.notion.so,api,api_132
https://api.monday.com,api,api_133
https://api.asana.com,api,api_134
https://api.trello.com,api,api_135
https://api.jira.atlassian.com,api,api_136
https://api.basecamp.com,api,api_137
https://api.clickup.com,api,api_138
https://api.todoist.com,api,api_139
https://api.wunderlist.com,api,api_140
https://api.algolia.com,api,api_141
https://api.elasticsearch.com,api,api_142
https://api.meilisearch.com,api,api_143
https://api.typesense.org,api,api_144
https://api.swiftype.com,api,api_145
https://api.searchly.com,api,api_146
https://api.bonsai.io,api,api_147
https://api.websolr.com,api,api_148
https://api.searchbox.io,api,api_149
https://api.facetflow.com,api,api_150
https://api.aws.amazon.com,api,api_151
https://api.cloud.google.com,api,api_152
https://api.azure.microsoft.com,api,api_153
https://api.digitalocean.com,api,api_154
https://api.linode.com,api,api_155
https://api.vultr.com,api,api_156
https://api.ovh.com,api,api_157
https://api.hetzner.cloud,api,api_158
https://api.scaleway.com,api,api_159
https://api.upcloud.com,api,api_160
https://api.cloudflare.com,api,api_161
https://api.fastly.com,api,api_162
https://api.akamai.com,api,api_163
https://api.bunny.net,api,api_164
https://api.stackpath.com,api,api_165
https://api.keycdn.com,api,api_166
https://api.cdn77.com,api,api_167
https://api.cachefly.com,api,api_168
https://api.maxcdn.com,api,api_169
https://api.jsdelivr.com,api,api_170
https://api.vercel.com,api,api_171
https://api.netlify.com,api,api_172
https://api.heroku.com,api,api_173
https://api.render.com,api,api_174
https://api.railway.app,api,api_175
https://api.fly.io,api,api_176
https://api.platform.sh,api,api_177
https://api.cloud66.com,api,api_178
https://api.engineyard.com,api,api_179
https://api.pantheon.io,api,api_180
https://api.mongodb.com,api,api_181
https://api.postgresql.org,api,api_182
https://api.mysql.com,api,api_183
https://api.redis.io,api,api_184
https://api.cassandra.apache.org,api,api_185
https://api.couchdb.apache.org,api,api_186
https://api.neo4j.com,api,api_187
https://api.arangodb.com,api,api_188
https://api.influxdata.com,api,api_189
https://api.timescale.com,api,api_190
https://api.fauna.com,api,api_191
https://api.supabase.io,api,api_192
https://api.firebase.google.com,api,api_193
https://api.appwrite.io,api,api_194
https://api.nhost.io,api,api_195
https://api.hasura.io,api,api_196
https://api.prisma.io,api,api_197
https://api.planetscale.com,api,api_198
https://api.cockroachlabs.com,api,api_199
https://api.yugabyte.com,api,api_200
https://jsonplaceholder.typicode.com,api,api_201
https://reqres.in/api,api,api_202
https://fakestoreapi.com,api,api_203
https://dummyjson.com,api,api_204
https://jsonbin.io/api,api,api_205
https://mockapi.io,api,api_206
https://restcountries.com/v3.1,api,api_207
https://pokeapi.co/api,api,api_208
https://swapi.dev/api,api,api_209
https://rickandmortyapi.com/api,api,api_210
https://api.chucknorris.io,api,api_211
https://api.jokes.one,api,api_212
https://api.quotable.io,api,api_213
https://api.adviceslip.com,api,api_214
https://api.kanye.rest,api,api_215
https://api.thecatapi.com,api,api_216
https://api.thedogapi.com,api,api_217
https://api.randomuser.me,api,api_218
https://api.genderize.io,api,api_219
https://api.agify.io,api,api_220
https://api.nationalize.io,api,api_221
https://api.ipify.org,api,api_222
https://api.ipapi.com,api,api_223
https://api.ipstack.com,api,api_224
https://api.ipdata.co,api,api_225
https://api.currencyapi.com,api,api_226
https://api.exchangerate-api.com,api,api_227
https://api.fixer.io,api,api_228
https://api.openexchangerates.org,api,api_229
https://api.currencylayer.com,api,api_230
https://api.unsplash.com,api,api_231
https://api.pexels.com,api,api_232
https://api.pixabay.com,api,api_233
https://api.giphy.com,api,api_234
https://api.tenor.com,api,api_235
https://api.imgur.com,api,api_236
https://api.cloudinary.com,api,api_237
https://api.uploadcare.com,api,api_238
https://api.filestack.com,api,api_239
https://api.imagekit.io,api,api_240
https://api.deepai.org,api,api_241
https://api.openai.com,api,api_242
https://api.anthropic.com,api,api_243
https://api.cohere.ai,api,api_244
https://api.huggingface.co,api,api_245
https://api.replicate.com,api,api_246
https://api.stability.ai,api,api_247
https://api.midjourney.com,api,api_248
https://api.leonardo.ai,api,api_249
https://api.runwayml.com,api,api_250
https://facebook.com,social,social_1
https://twitter.com,social,social_2
https://instagram.com,social,social_3
https://linkedin.com,social,social_4
https://youtube.com,social,social_5
https://tiktok.com,social,social_6
https://snapchat.com,social,social_7
https://pinterest.com,social,social_8
https://reddit.com,social,social_9
https://tumblr.com,social,social_10
https://whatsapp.com,social,social_11
https://messenger.com,social,social_12
https://telegram.org,social,social_13
https://wechat.com,social,social_14
https://line.me,social,social_15
https://viber.com,social,social_16
https://signal.org,social,social_17
https://kik.com,social,social_18
https://discord.com,social,social_19
https://slack.com,social,social_20
https://vk.com,social,social_21
https://ok.ru,social,social_22
https://weibo.com,social,social_23
https://qzone.qq.com,social,social_24
https://douyin.com,social,social_25
https://xiaohongshu.com,social,social_26
https://zhihu.com,social,social_27
https://bilibili.com,social,social_28
https://kuaishou.com,social,social_29
https://meipai.com,social,social_30
https://meetup.com,social,social_31
https://nextdoor.com,social,social_32
https://alignable.com,social,social_33
https://band.us,social,social_34
https://caffeine.tv,social,social_35
https://clubhouse.com,social,social_36
https://houseparty.com,social,social_37
https://marco-polo.me,social,social_38
https://peanut-app.io,social,social_39
https://yubo.live,social,social_40
https://behance.net,social,social_41
https://dribbble.com,social,social_42
https://deviantart.com,social,social_43
https://artstation.com,social,social_44
https://500px.com,social,social_45
https://flickr.com,social,social_46
https://vsco.co,social,social_47
https://ello.co,social,social_48
https://vero.co,social,social_49
https://mastodon.social,social,social_50
https://diaspora.foundation,social,social_51
https://minds.com,social,social_52
https://gab.com,social,social_53
https://parler.com,social,social_54
https://truthsocial.com,social,social_55
https://gettr.com,social,social_56
https://mewe.com,social,social_57
https://rumble.com,social,social_58
https://bitchute.com,social,social_59
https://odysee.com,social,social_60
https://goodreads.com,social,social_61
https://wattpad.com,social,social_62
https://medium.com,social,social_63
https://substack.com,social,social_64
https://ghost.org,social,social_65
https://hashnode.com,social,social_66
https://dev.to,social,social_67
https://hackernoon.com,social,social_68
https://producthunt.com,social,social_69
https://angellist.com,social,social_70
https://github.com/explore,social,social_71
https://gitlab.com/explore,social,social_72
https://stackoverflow.com,social,social_73
https://stackexchange.com,social,social_74
https://quora.com,social,social_75
https://answers.yahoo.com,social,social_76
https://askfm.com,social,social_77
https://curiouscat.me,social,social_78
https://retrospring.net,social,social_79
https://tellonym.me,social,social_80
https://twitch.tv,social,social_81
https://kick.com,social,social_82
https://dlive.tv,social,social_83
https://trovo.live,social,social_84
https://younow.com,social,social_85
https://bigo.tv,social,social_86
https://liveme.com,social,social_87
https://periscope.tv,social,social_88
https://facebook.com/gaming,social,social_89
https://youtube.com/gaming,social,social_90
https://mixer.com,social,social_91
https://steam.community.com,social,social_92
https://epicgames.com/community,social,social_93
https://xbox.com/community,social,social_94
https://playstation.com/community,social,social_95
https://nintendo.com/community,social,social_96
https://roblox.com,social,social_97
https://minecraft.net/community,social,social_98
https://fortnite.com/community,social,social_99
https://leagueoflegends.com/community,social,social_100
https://last.fm,social,social_101
https://soundcloud.com,social,social_102
https://bandcamp.com,social,social_103
https://reverbnation.com,social,social_104
https://datpiff.com,social,social_105
https://mixcloud.com,social,social_106
https://audiomack.com,social,social_107
https://beatport.com,social,social_108
https://discogs.com,social,social_109
https://genius.com,social,social_110
https://vimeo.com,social,social_111
https://dailymotion.com,social,social_112
https://metacafe.com,social,social_113
https://veoh.com,social,social_114
https://break.com,social,social_115
https://liveleak.com,social,social_116
https://worldstarhiphop.com,social,social_117
https://vine.co,social,social_118
https://byte.co,social,social_119
https://coub.com,social,social_120
https://match.com,social,social_121
https://tinder.com,social,social_122
https://bumble.com,social,social_123
https://hinge.co,social,social_124
https://okcupid.com,social,social_125
https://plentyoffish.com,social,social_126
https://eharmony.com,social,social_127
https://zoosk.com,social,social_128
https://badoo.com,social,social_129
https://happn.com,social,social_130
https://coffee-meets-bagel.com,social,social_131
https://her.com,social,social_132
https://grindr.com,social,social_133
https://feeld.co,social,social_134
https://raya.app,social,social_135
https://the-league.com,social,social_136
https://elitesingles.com,social,social_137
https://silversingles.com,social,social_138
https://ourtime.com,social,social_139
https://christianmingle.com,social,social_140
https://jdate.com,social,social_141
https://farmersonly.com,social,social_142
https://uniformdating.com,social,social_143
https://millionairematch.com,social,social_144
https://seeking.com,social,social_145
https://sugardaddy.com,social,social_146
https://ashleymadison.com,social,social_147
https://adultfriendfinder.com,social,social_148
https://friendfinder.com,social,social_149
https://meetme.com,social,social_150
https://tagged.com,social,social_151
https://hi5.com,social,social_152
https://myspace.com,social,social_153
https://friendster.com,social,social_154
https://orkut.com,social,social_155
https://bebo.com,social,social_156
https://foursquare.com,social,social_157
https://swarmapp.com,social,social_158
https://yelp.com,social,social_159
https://tripadvisor.com,social,social_160
https://strava.com,social,social_161
https://fitbit.com/community,social,social_162
https://myfitnesspal.com/community,social,social_163
https://nike.com/nrc,social,social_164
https://adidas.com/runtastic,social,social_165
https://garmin.com/connect,social,social_166
https://polar.com/flow,social,social_167
https://zwift.com,social,social_168
https://peloton.com/community,social,social_169
https://dailyburn.com,social,social_170
https://chess.com,social,social_171
https://lichess.org,social,social_172
https://chess24.com,social,social_173
https://playchess.com,social,social_174
https://chesscube.com,social,social_175
https://gameknot.com,social,social_176
https://red-dragon-gaming.com,social,social_177
https://boardgamearena.com,social,social_178
https://tabletopia.com,social,social_179
https://tabletopsimulator.com,social,social_180
https://untappd.com,social,social_181
https://vivino.com,social,social_182
https://distiller.com,social,social_183
https://beeradvocate.com,social,social_184
https://ratebeer.com,social,social_185
https://cellartracker.com,social,social_186
https://whiskybase.com,social,social_187
https://cigarsocial.com,social,social_188
https://leafly.com,social,social_189
https://weedmaps.com,social,social_190
https://allrecipes.com/community,social,social_191
https://food52.com,social,social_192
https://epicurious.com/community,social,social_193
https://yummly.com,social,social_194
https://cookpad.com,social,social_195
https://kitchen-stories.com,social,social_196
https://bigoven.com,social,social_197
https://supercook.com,social,social_198
https://foodgawker.com,social,social_199
https://tastespotting.com,social,social_200
https://imdb.com/community,social,social_201
https://letterboxd.com,social,social_202
https://mubi.com,social,social_203
https://filmaffinity.com,social,social_204
https://criticker.com,social,social_205
https://icheckmovies.com,social,social_206
https://trakt.tv,social,social_207
https://tvtime.com,social,social_208
https://serializd.com,social,social_209
https://episode-calendar.com,social,social_210
https://houzz.com,social,social_211
https://homestyler.com,social,social_212
https://roomstyler.com,social,social_213
https://planner5d.com,social,social_214
https://floorplanner.com,social,social_215
https://homestratosphere.com,social,social_216
https://apartmenttherapy.com,social,social_217
https://dezeen.com,social,social_218
https://archdaily.com,social,social_219
https://architizer.com,social,social_220
https://etsy.com/community,social,social_221
https://ravelry.com,social,social_222
https://craftster.org,social,social_223
https://instructables.com,social,social_224
https://hackaday.io,social,social_225
https://makezine.com,social,social_226
https://adafruit.com/community,social,social_227
https://sparkfun.com/community,social,social_228
https://arduino.cc/forum,social,social_229
https://raspberrypi.org/forums,social,social_230
https://care2.com,social,social_231
https://change.org,social,social_232
https://avaaz.org,social,social_233
https://causes.com,social,social_234
https://globalgiving.org,social,social_235
https://justgiving.com,social,social_236
https://gofundme.com,social,social_237
https://kickstarter.com,social,social_238
https://indiegogo.com,social,social_239
https://patreon.com,social,social_240
https://buymeacoffee.com,social,social_241
https://ko-fi.com,social,social_242
https://liberapay.com,social,social_243
https://opencollective.com,social,social_244
https://github.com/sponsors,social,social_245
https://tipeee.com,social,social_246
https://subscribestar.com,social,social_247
https://onlyfans.com,social,social_248
https://fansly.com,social,social_249
https://fanvue.com,social,social_250